,result type,precision,recall,F1,accuracy
0,Training results,0.7994185074798166,0.9575814536340852,0.8709252280799644,0.8020370370370371
0,Testing results,0.971830985915493,0.8313253012048193,0.8961038961038961,0.8415841584158416
